{
    "mean_absolute_error": 230.00544266054453,
    "mean_squared_error": 178000.3625596546,
    "root_mean_squared_error": 421.9008918687594,
    "r2_score": 0.9851338863372803
}